"FullName","LastWriteTime"
"C:\Users\gabas\AppData\Roaming\Code\User\History\-1854776\GK7G.jsx","3/25/2026 3:30:36 PM"
"C:\Users\gabas\AppData\Roaming\Code\User\History\-1854776\ZlKl.jsx","3/25/2026 3:30:22 PM"
"C:\Users\gabas\AppData\Roaming\Code\User\History\-1854776\gafr.jsx","3/25/2026 3:29:56 PM"
"C:\Users\gabas\AppData\Roaming\Code\User\History\-1854776\Vnow.jsx","3/25/2026 3:29:41 PM"
"C:\Users\gabas\AppData\Roaming\Code\User\History\-1854776\iB8Y.jsx","3/25/2026 3:29:23 PM"
"C:\Users\gabas\AppData\Roaming\Code\User\History\-1854776\Sn0I.jsx","3/25/2026 3:26:16 PM"
"C:\Users\gabas\AppData\Roaming\Code\User\History\-1854776\ThqX.jsx","3/25/2026 3:26:02 PM"
"C:\Users\gabas\AppData\Roaming\Code\User\History\-1854776\G3i8.jsx","3/25/2026 3:25:28 PM"
"C:\Users\gabas\AppData\Roaming\Code\User\History\-1854776\B9Bm.jsx","3/25/2026 3:25:15 PM"
"C:\Users\gabas\AppData\Roaming\Code\User\History\-1854776\3KaJ.jsx","3/25/2026 3:21:44 PM"
